PositionX,PositionY,PositionZ,TangentX,TangentY,TangentZ,Tangent2X,Tangent2Y,Tangent2Z,Size,ColorR,ColorG,ColorB,ColorA
-1.0,0.0,0.0,-0.5,0.5,0.0,-1.5,-0.5,0.0,1.0,1.0,1.0,1.0,1.0
1.0,0.0,0.0,2.0,0.0,0.0,0.0,0.0,0.0,1.0,1.0,1.0,1.0,1.0
2.1234545707702637,4.010870933532715,1.190442442893982,3.1234545707702637,4.010870933532715,1.190442442893982,1.1234546899795532,4.010870933532715,1.190442442893982,1.0,1.0,1.0,1.0,1.0
-2.108644962310791,-2.9113311767578125,3.3479466438293457,-1.108644962310791,-2.9113311767578125,3.3479466438293457,-3.108644962310791,-2.9113311767578125,3.3479466438293457,1.0,1.0,1.0,1.0,1.0
-0.5465641021728516,-5.129852294921875,-1.3211030960083008,0.45343589782714844,-5.129852294921875,-1.3211030960083008,-1.5465641021728516,-5.129852294921875,-1.3211030960083008,1.0,1.0,1.0,1.0,1.0
3.780284881591797,2.4859566688537598,-3.0899252891540527,4.780284881591797,2.4859566688537598,-3.0899252891540527,2.780284881591797,2.4859566688537598,-3.0899252891540527,1.0,1.0,1.0,1.0,1.0
3.255876064300537,5.449392318725586,0.277496337890625,4.255876064300537,5.449392318725586,0.277496337890625,2.255876064300537,5.449392318725586,0.277496337890625,1.0,1.0,1.0,1.0,1.0
