PositionX,PositionY,PositionZ,TangentX,TangentY,TangentZ,Tangent2X,Tangent2Y,Tangent2Z,Size
-1.0,0.0,0.0,-0.5,0.0,0.5,-1.5,0.0,-0.5,1.0
2.501227378845215,2.106043577194214,5.994731903076172,3.501227378845215,2.106043577194214,5.994731903076172,1.5012272596359253,2.106043577194214,5.994731903076172,1.0
2.4978737831115723,-2.831927537918091,-0.09943866729736328,3.4978737831115723,-2.831927537918091,-0.09943866729736328,1.4978736639022827,-2.831927537918091,-0.09943866729736328,1.0
-1.388474702835083,0.9122965335845947,-4.283051013946533,-0.388474702835083,0.9122965335845947,-4.283051013946533,-2.388474941253662,0.9122965335845947,-4.283051013946533,1.0
2.8667523860931396,-4.390254020690918,-1.185093879699707,3.8667523860931396,-4.390254020690918,-1.185093879699707,1.8667521476745605,-4.390254020690918,-1.185093879699707,1.0
-0.8542592525482178,-2.434856653213501,-7.199301242828369,0.14574074745178223,-2.434856653213501,-7.199301242828369,-1.8542594909667969,-2.434856653213501,-7.199301242828369,1.0
